val_loss,val_ppl,test_loss,test_ppl,val_BLEU1,val_BLEU2,val_BLEU3,val_BLEU4,test_BLEU1,test_BLEU2,test_BLEU3,test_BLEU4
0.6373907402094015,1.891538918236929,0.6348006829631028,1.886646063277582,0.500000000000358,0.500000000000358,0.500000000000358,0.500000000000358,0.500000000000358,0.500000000000358,0.500000000000358,0.500000000000358
