{
  "val_loss": 0.6373907402094015,
  "val_ppl": 1.891538918236929,
  "test_loss": 0.6348006829631028,
  "test_ppl": 1.886646063277582,
  "val_BLEU1": 0.500000000000358,
  "val_BLEU2": 0.500000000000358,
  "val_BLEU3": 0.500000000000358,
  "val_BLEU4": 0.500000000000358,
  "test_BLEU1": 0.500000000000358,
  "test_BLEU2": 0.500000000000358,
  "test_BLEU3": 0.500000000000358,
  "test_BLEU4": 0.500000000000358
}